Type,Name
camerista,Geta0
camerista,Geta0
camerista,Geta1
camerista,Geta1
camerista,Geta2
camerista,Geta2
camerista,Geta3
camerista,Geta3
camerista,Geta4
camerista,Geta4
camerista,Geta5
camerista,Geta5
camerista,Geta6
camerista,Geta6
camerista,Geta7
camerista,Geta7
camerista,Geta8
camerista,Geta8
camerista,Geta9
camerista,Geta9
camerista,Geta10
camerista,Geta10
camerista,Geta11
camerista,Geta11
camerista,Geta12
camerista,Geta12
camerista,Geta13
camerista,Geta13
camerista,Geta14
camerista,Geta14
camerista,Geta15
camerista,Geta15
camerista,Geta16
camerista,Geta16
camerista,Geta17
camerista,Geta17
camerista,Geta18
camerista,Geta18
camerista,Geta19
camerista,Geta19
camerista,Geta20
camerista,Geta20
camerista,Geta21
camerista,Geta21
camerista,Geta22
camerista,Geta22
camerista,Geta23
camerista,Geta23
camerista,Geta24
camerista,Geta24
camerista,Geta25
camerista,Geta25
camerista,Geta26
camerista,Geta26
camerista,Geta27
camerista,Geta27
camerista,Geta28
camerista,Geta28
camerista,Geta29
camerista,Geta29
paznic,Gheorghe30
paznic,Gheorghe31
paznic,Gheorghe32
paznic,Gheorghe33
paznic,Gheorghe34
paznic,Gheorghe35
paznic,Gheorghe36
paznic,Gheorghe37
paznic,Gheorghe38
paznic,Gheorghe39
recepetioner,Tanta40
recepetioner,Tanta41
recepetioner,Tanta42
recepetioner,Tanta43
recepetioner,Tanta44
manager,El Hefe45
manager,El Hefe46
manager,El Hefe47
manager,El Hefe48
manager,El Hefe49
paznic,Marcel
